{
  "best_params": {
    "hidden_dim": 32,
    "num_layers": 2,
    "dropout": 0.6601592018509576,
    "lr": 0.019683245398018467,
    "weight_decay": 9.663732851471726e-06,
    "loss_type": "class_balanced_focal",
    "cb_focal_beta": 0.9993742391585426,
    "cb_focal_gamma": 2.003490771719691,
    "min_class_boost": 4.409153803732548,
    "oversample_strategy": "boosted",
    "min_samples_factor": 3
  },
  "best_value": -Infinity,
  "n_trials": 5,
  "model_type": "improved_gnn",
  "data_file": "data_quantile_Target_QC_aggcat",
  "timestamp": "20250808_184205"
}