{
  "best_params": {
    "dropout": 0.29785934129288677,
    "weight_decay": 0.007290278712151826,
    "lr": 0.0012834419917535568,
    "hidden_dim": 128,
    "num_layers": 2,
    "loss_type": "focal",
    "focal_alpha": 1.0015884297964168,
    "focal_gamma": 3.975595598859365,
    "oversample_strategy": "balanced",
    "min_samples_factor": 4
  },
  "best_value": 0.8107778032620748,
  "n_trials": 16,
  "model_type": "residual_sage",
  "data_file": "data_quantile_Target_QC_aggcat",
  "timestamp": "20250820_222631"
}