{
  "GCN": {
    "individual_runs": [
      [
        [
          23944,
          2261,
          592
        ],
        [
          4148,
          5095,
          1739
        ],
        [
          6,
          25,
          175
        ]
      ],
      [
        [
          23070,
          2298,
          1227
        ],
        [
          4597,
          3061,
          3521
        ],
        [
          36,
          40,
          135
        ]
      ],
      [
        [
          23230,
          2722,
          811
        ],
        [
          3750,
          4708,
          2594
        ],
        [
          5,
          30,
          135
        ]
      ]
    ],
    "averaged_matrix": [
      [
        23414.666666666668,
        2427.0,
        876.6666666666666
      ],
      [
        4165.0,
        4288.0,
        2618.0
      ],
      [
        15.666666666666666,
        31.666666666666668,
        148.33333333333334
      ]
    ]
  },
  "Residual GCN": {
    "individual_runs": [
      [
        [
          23394,
          3403,
          0
        ],
        [
          5687,
          5295,
          0
        ],
        [
          75,
          131,
          0
        ]
      ],
      [
        [
          23233,
          3362,
          0
        ],
        [
          5845,
          5334,
          0
        ],
        [
          77,
          134,
          0
        ]
      ],
      [
        [
          23384,
          3379,
          0
        ],
        [
          5675,
          5377,
          0
        ],
        [
          57,
          113,
          0
        ]
      ]
    ],
    "averaged_matrix": [
      [
        23337.0,
        3381.3333333333335,
        0.0
      ],
      [
        5735.666666666667,
        5335.333333333333,
        0.0
      ],
      [
        69.66666666666667,
        126.0,
        0.0
      ]
    ]
  },
  "GAT": {
    "individual_runs": [
      [
        [
          12598,
          9447,
          4752
        ],
        [
          6124,
          2309,
          2549
        ],
        [
          99,
          48,
          59
        ]
      ],
      [
        [
          12425,
          9466,
          4704
        ],
        [
          6190,
          2377,
          2612
        ],
        [
          120,
          34,
          57
        ]
      ],
      [
        [
          12438,
          9590,
          4735
        ],
        [
          6131,
          2420,
          2501
        ],
        [
          99,
          25,
          46
        ]
      ]
    ],
    "averaged_matrix": [
      [
        12487.0,
        9501.0,
        4730.333333333333
      ],
      [
        6148.333333333333,
        2368.6666666666665,
        2554.0
      ],
      [
        106.0,
        35.666666666666664,
        54.0
      ]
    ]
  },
  "Residual SAGE": {
    "individual_runs": [
      [
        [
          23821,
          2976,
          0
        ],
        [
          4164,
          6818,
          0
        ],
        [
          34,
          172,
          0
        ]
      ],
      [
        [
          23710,
          2885,
          0
        ],
        [
          4390,
          6789,
          0
        ],
        [
          29,
          182,
          0
        ]
      ],
      [
        [
          23748,
          3015,
          0
        ],
        [
          4285,
          6767,
          0
        ],
        [
          23,
          147,
          0
        ]
      ]
    ],
    "averaged_matrix": [
      [
        23759.666666666668,
        2958.6666666666665,
        0.0
      ],
      [
        4279.666666666667,
        6791.333333333333,
        0.0
      ],
      [
        28.666666666666668,
        167.0,
        0.0
      ]
    ]
  },
  "MLP Full-Features": {
    "individual_runs": [
      [
        [
          20848,
          5555,
          394
        ],
        [
          2026,
          7795,
          1161
        ],
        [
          5,
          62,
          139
        ]
      ],
      [
        [
          20999,
          5127,
          469
        ],
        [
          2367,
          7310,
          1502
        ],
        [
          2,
          61,
          148
        ]
      ],
      [
        [
          21074,
          5230,
          459
        ],
        [
          2245,
          7327,
          1480
        ],
        [
          2,
          53,
          115
        ]
      ]
    ],
    "averaged_matrix": [
      [
        20973.666666666668,
        5304.0,
        440.6666666666667
      ],
      [
        2212.6666666666665,
        7477.333333333333,
        1381.0
      ],
      [
        3.0,
        58.666666666666664,
        134.0
      ]
    ]
  },
  "MLP Article-Features": {
    "individual_runs": [
      [
        [
          20033,
          5505,
          1259
        ],
        [
          1937,
          6201,
          2844
        ],
        [
          2,
          17,
          187
        ]
      ],
      [
        [
          20113,
          5310,
          1172
        ],
        [
          2038,
          6222,
          2919
        ],
        [
          3,
          25,
          183
        ]
      ],
      [
        [
          19352,
          6108,
          1303
        ],
        [
          1654,
          6544,
          2854
        ],
        [
          0,
          22,
          148
        ]
      ]
    ],
    "averaged_matrix": [
      [
        19832.666666666668,
        5641.0,
        1244.6666666666667
      ],
      [
        1876.3333333333333,
        6322.333333333333,
        2872.3333333333335
      ],
      [
        1.6666666666666667,
        21.333333333333332,
        172.66666666666666
      ]
    ]
  }
}