{
  "enhanced_improved_gnn_data_quantile_Target_QC_aggcat": {
    "n_runs": 3,
    "accuracy": {
      "mean": 0.7444951444951444,
      "std": 0.006267335996574766,
      "values": [
        0.7425763425763425,
        0.7379606879606879,
        0.7529484029484029
      ]
    },
    "precision": {
      "mean": 0.5234235600265337,
      "std": 0.0016377612696775266,
      "values": [
        0.5252273790758939,
        0.5237798518341359,
        0.521263449169571
      ]
    },
    "recall": {
      "mean": 0.7244892710552392,
      "std": 0.008356533719350159,
      "values": [
        0.7360617971519315,
        0.7207778486055861,
        0.7166281674081999
      ]
    },
    "f1_score": {
      "mean": 0.47933968401859134,
      "std": 0.01326591142754435,
      "values": [
        0.480007821184914,
        0.4627685651013819,
        0.4952426657694781
      ]
    }
  },
  "enhanced_residual_gcn_data_quantile_Target_QC_aggcat": {
    "n_runs": 3,
    "accuracy": {
      "mean": 0.7561600561600562,
      "std": 0.0,
      "values": [
        0.7561600561600562,
        0.7561600561600562,
        0.7561600561600562
      ]
    },
    "precision": {
      "mean": 0.46989228082282547,
      "std": 0.0,
      "values": [
        0.46989228082282547,
        0.46989228082282547,
        0.46989228082282547
      ]
    },
    "recall": {
      "mean": 0.44855011221050406,
      "std": 0.0,
      "values": [
        0.44855011221050406,
        0.44855011221050406,
        0.44855011221050406
      ]
    },
    "f1_score": {
      "mean": 0.45493251360098413,
      "std": 0.0,
      "values": [
        0.45493251360098413,
        0.45493251360098413,
        0.45493251360098413
      ]
    }
  },
  "enhanced_gat_data_quantile_Target_QC_aggcat": {
    "n_runs": 3,
    "accuracy": {
      "mean": 0.39387504387504385,
      "std": 0.0,
      "values": [
        0.39387504387504385,
        0.39387504387504385,
        0.39387504387504385
      ]
    },
    "precision": {
      "mean": 0.2922473798114949,
      "std": 0.0,
      "values": [
        0.2922473798114949,
        0.2922473798114949,
        0.2922473798114949
      ]
    },
    "recall": {
      "mean": 0.3231273428481864,
      "std": 0.0,
      "values": [
        0.3231273428481864,
        0.3231273428481864,
        0.3231273428481864
      ]
    },
    "f1_score": {
      "mean": 0.25807490690188856,
      "std": 0.0,
      "values": [
        0.25807490690188856,
        0.25807490690188856,
        0.25807490690188856
      ]
    }
  },
  "enhanced_residual_sage_data_quantile_Target_QC_aggcat": {
    "n_runs": 3,
    "accuracy": {
      "mean": 0.804966654966655,
      "std": 0.0,
      "values": [
        0.804966654966655,
        0.804966654966655,
        0.804966654966655
      ]
    },
    "precision": {
      "mean": 0.510986223887291,
      "std": 0.0,
      "values": [
        0.510986223887291,
        0.510986223887291,
        0.510986223887291
      ]
    },
    "recall": {
      "mean": 0.5020991126324345,
      "std": 0.0,
      "values": [
        0.5020991126324345,
        0.5020991126324345,
        0.5020991126324345
      ]
    },
    "f1_score": {
      "mean": 0.5058081883453033,
      "std": 0.0,
      "values": [
        0.5058081883453033,
        0.5058081883453033,
        0.5058081883453033
      ]
    }
  },
  "enhanced_mlp_data_quantile_Target_QC_aggcat": {
    "n_runs": 3,
    "accuracy": {
      "mean": 0.7525974025974026,
      "std": 0.004244129855489662,
      "values": [
        0.7585995085995086,
        0.7495963495963496,
        0.7495963495963496
      ]
    },
    "precision": {
      "mean": 0.5208419611865093,
      "std": 0.0046325473666946355,
      "values": [
        0.5273933725008245,
        0.5175662555293515,
        0.5175662555293515
      ]
    },
    "recall": {
      "mean": 0.7425161318768283,
      "std": 0.007853913172408937,
      "values": [
        0.7536232424029498,
        0.7369625766137676,
        0.7369625766137676
      ]
    },
    "f1_score": {
      "mean": 0.5345016100319535,
      "std": 0.007680244169809368,
      "values": [
        0.5453631154992348,
        0.5290708572983128,
        0.5290708572983128
      ]
    }
  },
  "enhanced_mlp_data_nonnetwork_quantile_Target_QC_aggcat": {
    "n_runs": 3,
    "accuracy": {
      "mean": 0.718012168012168,
      "std": 0.0006535794514301488,
      "values": [
        0.7175500175500176,
        0.7189364689364689,
        0.7175500175500176
      ]
    },
    "precision": {
      "mean": 0.49863575547485633,
      "std": 0.00029548024264228505,
      "values": [
        0.4984268193915773,
        0.4990536276414143,
        0.4984268193915773
      ]
    },
    "recall": {
      "mean": 0.7124226643085968,
      "std": 0.0005311250284800248,
      "values": [
        0.7120471021993008,
        0.7131737885271892,
        0.7120471021993008
      ]
    },
    "f1_score": {
      "mean": 0.4841994296150769,
      "std": 0.0005480732191998413,
      "values": [
        0.4838118833251939,
        0.48497452219484277,
        0.4838118833251939
      ]
    }
  }
}