{
  "model": "ORES",
  "test_size": 19942,
  "total_test_size": 20000,
  "failed_predictions": 58,
  "metrics": {
    "accuracy": 0.6411593621502357,
    "precision_macro": 0.5057457774240522,
    "recall_macro": 0.6805044785505853,
    "f1_macro": 0.48848462567108286,
    "f1_weighted": 0.6662918633610463,
    "precision_per_class": [
      0.9744005994005994,
      0.43807482810965265,
      0.10476190476190476
    ],
    "recall_per_class": [
      0.5519168199179516,
      0.8635803555712023,
      0.6260162601626016
    ],
    "f1_per_class": [
      0.7046870766729884,
      0.5812796208530806,
      0.1794871794871795
    ],
    "support_per_class": [
      14138,
      5681,
      123
    ]
  },
  "class_distribution": {
    "true": {
      "0": 14138,
      "1": 5681,
      "2": 123
    },
    "predicted": {
      "0.0": 8008,
      "1.0": 11199,
      "2.0": 735
    }
  }
}