{
  "random_forest": {
    "n_runs": 3,
    "accuracy": {
      "mean": 0.7956912816462639,
      "std": 0.0003859178347118787,
      "values": [
        0.7960510727918916,
        0.7951559826247203,
        0.7958667895221798
      ]
    },
    "precision": {
      "mean": 0.6017694121939746,
      "std": 0.001740875432837515,
      "values": [
        0.6031983897799253,
        0.5993186952468895,
        0.6027911515551093
      ]
    },
    "recall": {
      "mean": 0.6522775940702598,
      "std": 0.002603627156501953,
      "values": [
        0.6490410135602743,
        0.6554163189693258,
        0.6523754496811791
      ]
    },
    "f1_score": {
      "mean": 0.6203683427546313,
      "std": 0.0005369148658095336,
      "values": [
        0.62009583659324,
        0.6198908192850303,
        0.6211183723856232
      ]
    }
  },
  "confusion_matrices": [
    [
      [
        42796,
        10607,
        29
      ],
      [
        4299,
        17545,
        313
      ],
      [
        14,
        232,
        135
      ]
    ],
    [
      [
        42737,
        10660,
        35
      ],
      [
        4282,
        17528,
        347
      ],
      [
        11,
        227,
        143
      ]
    ],
    [
      [
        42784,
        10616,
        32
      ],
      [
        4296,
        17539,
        322
      ],
      [
        16,
        226,
        139
      ]
    ]
  ]
}