{
  "enhanced_improved_gnn_data_quantile_Target_QC_aggcat": {
    "n_runs": 3,
    "accuracy": {
      "mean": 0.7332104778201921,
      "std": 0.031952357231258256,
      "values": [
        0.7690930630512044,
        0.6914834803211795,
        0.7390548900881927
      ]
    },
    "precision": {
      "mean": 0.5077475058853151,
      "std": 0.025215077580108925,
      "values": [
        0.5374261891548487,
        0.4757885256563374,
        0.5100278028447593
      ]
    },
    "recall": {
      "mean": 0.675129487935862,
      "std": 0.0598130598604494,
      "values": [
        0.7356628052056525,
        0.5936945645263947,
        0.696031094075539
      ]
    },
    "f1_score": {
      "mean": 0.4749110384922947,
      "std": 0.03900495847291118,
      "values": [
        0.5187775279365635,
        0.4240143943480072,
        0.4819411931923134
      ]
    }
  },
  "enhanced_residual_gcn_data_quantile_Target_QC_aggcat": {
    "n_runs": 3,
    "accuracy": {
      "mean": 0.754833048133035,
      "std": 0.0021079949888458674,
      "values": [
        0.7552718178228248,
        0.7520600236935633,
        0.7571673028827168
      ]
    },
    "precision": {
      "mean": 0.46805096611092695,
      "std": 0.001246854723206161,
      "values": [
        0.4673672026549283,
        0.46698525389770856,
        0.469800441780144
      ]
    },
    "recall": {
      "mean": 0.45179473011092264,
      "std": 0.0012982054311800734,
      "values": [
        0.4517202619746526,
        0.4502433021996459,
        0.45342062615846945
      ]
    },
    "f1_score": {
      "mean": 0.4571297623829238,
      "std": 0.0013897122462795352,
      "values": [
        0.45691777467388334,
        0.4555436433276177,
        0.4589278691472703
      ]
    }
  },
  "enhanced_gat_data_quantile_Target_QC_aggcat": {
    "n_runs": 3,
    "accuracy": {
      "mean": 0.3925145890921855,
      "std": 0.0011548231523252654,
      "values": [
        0.39399763064367516,
        0.39118072923522446,
        0.39236540739765696
      ]
    },
    "precision": {
      "mean": 0.290857830160222,
      "std": 0.00036803773622043915,
      "values": [
        0.2909955521626261,
        0.29035428289231285,
        0.29122365542572703
      ]
    },
    "recall": {
      "mean": 0.31900594243605473,
      "std": 0.002377184952641553,
      "values": [
        0.3222627205150952,
        0.3166553623854375,
        0.3180997444076315
      ]
    },
    "f1_score": {
      "mean": 0.25661785183689906,
      "std": 0.0001743488599236999,
      "values": [
        0.2568634097177834,
        0.25647577826542306,
        0.2565143675274906
      ]
    }
  },
  "enhanced_residual_sage_data_quantile_Target_QC_aggcat": {
    "n_runs": 3,
    "accuracy": {
      "mean": 0.8042911675661446,
      "std": 0.0016471580124295113,
      "values": [
        0.8066078715282349,
        0.8029222061340002,
        0.8033434250361985
      ]
    },
    "precision": {
      "mean": 0.5104454828015701,
      "std": 0.0008634938351877937,
      "values": [
        0.5114330417746809,
        0.5105737787614698,
        0.5093296278685596
      ]
    },
    "recall": {
      "mean": 0.5009143427126974,
      "std": 0.0016615693446280007,
      "values": [
        0.5032589614181286,
        0.49960678774963596,
        0.4998772789703277
      ]
    },
    "f1_score": {
      "mean": 0.5048412858264403,
      "std": 0.0013096230173370626,
      "values": [
        0.5066903334391931,
        0.5040086089886504,
        0.5038249150514775
      ]
    }
  },
  "enhanced_mlp_data_quantile_Target_QC_aggcat": {
    "n_runs": 3,
    "accuracy": {
      "mean": 0.7525338949585363,
      "std": 0.0037216568203999266,
      "values": [
        0.757720152691852,
        0.7491641437409504,
        0.7507173884428063
      ]
    },
    "precision": {
      "mean": 0.5187247736279121,
      "std": 0.004646475665478823,
      "values": [
        0.5248262969577083,
        0.5177866321268849,
        0.513561391799143
      ]
    },
    "recall": {
      "mean": 0.7149246164808426,
      "std": 0.004857546742395234,
      "values": [
        0.7208508898733609,
        0.7149703173158702,
        0.7089526422532968
      ]
    },
    "f1_score": {
      "mean": 0.5304591814753327,
      "std": 0.00836470895940484,
      "values": [
        0.5415888053308304,
        0.5283658445352039,
        0.5214228945599636
      ]
    }
  },
  "enhanced_mlp_data_nonnetwork_quantile_Target_QC_aggcat": {
    "n_runs": 3,
    "accuracy": {
      "mean": 0.6931069281734018,
      "std": 0.005382500650327208,
      "values": [
        0.6955640384362248,
        0.6981176780308016,
        0.6856390680531789
      ]
    },
    "precision": {
      "mean": 0.4939263677841679,
      "std": 0.0024007384114479863,
      "values": [
        0.494767075743996,
        0.49635473719816453,
        0.49065729041034317
      ]
    },
    "recall": {
      "mean": 0.7317706536165249,
      "std": 0.005869842107239363,
      "values": [
        0.7400006408426645,
        0.7267159514108236,
        0.7285953685960869
      ]
    },
    "f1_score": {
      "mean": 0.4814511777633855,
      "std": 0.0038761097608498185,
      "values": [
        0.4836516088027707,
        0.4846989408255071,
        0.4760029836618786
      ]
    }
  },
  "ores": {
    "n_runs": 1,
    "accuracy": {
      "mean": 0.6411593621502357,
      "std": 0.0,
      "values": [
        0.6411593621502357
      ]
    },
    "precision": {
      "mean": 0.5057457774240522,
      "std": 0.0,
      "values": [
        0.5057457774240522
      ]
    },
    "recall": {
      "mean": 0.6805044785505853,
      "std": 0.0,
      "values": [
        0.6805044785505853
      ]
    },
    "f1_score": {
      "mean": 0.48848462567108286,
      "std": 0.0,
      "values": [
        0.48848462567108286
      ]
    }
  },
  "random_forest": {
    "n_runs": 3,
    "accuracy": {
      "mean": 0.7956912816462639,
      "std": 0.0003859178347118787,
      "values": [
        0.7960510727918916,
        0.7951559826247203,
        0.7958667895221798
      ]
    },
    "precision": {
      "mean": 0.6017694121939746,
      "std": 0.001740875432837515,
      "values": [
        0.6031983897799253,
        0.5993186952468895,
        0.6027911515551093
      ]
    },
    "recall": {
      "mean": 0.6522775940702598,
      "std": 0.002603627156501953,
      "values": [
        0.6490410135602743,
        0.6554163189693258,
        0.6523754496811791
      ]
    },
    "f1_score": {
      "mean": 0.6203683427546313,
      "std": 0.0005369148658095336,
      "values": [
        0.62009583659324,
        0.6198908192850303,
        0.6211183723856232
      ]
    }
  },
  "confusion_matrices": [
    [
      [
        42796,
        10607,
        29
      ],
      [
        4299,
        17545,
        313
      ],
      [
        14,
        232,
        135
      ]
    ],
    [
      [
        42737,
        10660,
        35
      ],
      [
        4282,
        17528,
        347
      ],
      [
        11,
        227,
        143
      ]
    ],
    [
      [
        42784,
        10616,
        32
      ],
      [
        4296,
        17539,
        322
      ],
      [
        16,
        226,
        139
      ]
    ]
  ]
}